Date,Open,High,Low,,Close,Volume
19-07-2016,99.199997,104.5,99.199997,,97.821556,140708
20-07-2016,102.099998,103,101,,97.390411,37323
21-07-2016,101.699997,103.199997,99.5,,96.192802,45431
22-07-2016,100,104.199997,99.449997,,97.582031,55353
25-07-2016,102.300003,103.699997,98.400002,,95.234711,81706
26-07-2016,99.900002,102.5,98,,94.947266,72419
27-07-2016,100,101.5,95.400002,,93.845459,95906
28-07-2016,98,101.5,96.5,,97.288895,63217
29-07-2016,99.849998,105,98,,99.859322,176925
01-08-2016,104.550003,108.900002,100.300003,,98.986351,205222
02-08-2016,103.099998,103.849998,99.199997,,98.016373,95862
03-08-2016,100.900002,107,98.800003,,100.9748,266962
04-08-2016,105.699997,106.5,100,,98.937851,109124
05-08-2016,106.5,107.199997,99,,97.288895,755953
08-08-2016,101.25,104.349998,100.300003,,100.004829,158660
09-08-2016,103.400002,104.349998,99,,100.635315,292593
10-08-2016,107.550003,110,100.599998,,99.228844,846625
11-08-2016,103,103,99.849998,,98.695358,121406
12-08-2016,102.75,102.75,100.150002,,97.967865,66673
16-08-2016,102.300003,102.949997,100,,97.822372,81297
17-08-2016,101.900002,102.949997,100,,98.501366,55114
18-08-2016,102.199997,107.300003,101.550003,,101.168816,184121
19-08-2016,103.550003,104.5,102.300003,,99.422844,86627
22-08-2016,102.050003,104.650002,101.800003,,100.489807,62940
23-08-2016,102.949997,106,102.300003,,99.810829,57583
24-08-2016,102.5,104.75,102.25,,99.616829,73052
25-08-2016,103.449997,103.5,101.25,,98.986351,43500
26-08-2016,101.300003,102.900002,100.25,,97.62838,31901
29-08-2016,101.150002,101.699997,99.599998,,97.62838,32421
30-08-2016,99.25,101.699997,99.25,,97.77388,51605
31-08-2016,102.099998,117,102,,110.044106,1517171
01-09-2016,114.349998,123.849998,112.25,,116.348961,1384462
02-09-2016,120.199997,129.800003,112.800003,,120.956367,1008902
06-09-2016,126,130.899994,125,,122.896324,501291
07-09-2016,127,127.349998,122,,120.471375,162202
08-09-2016,124.599998,131.449997,122.650002,,126.436752,422355
09-09-2016,131,134,126.599998,,123.914818,270075
12-09-2016,126.699997,126.699997,120.449997,,118.046432,130611
14-09-2016,121.900002,125,120.300003,,120.471375,105703
15-09-2016,124.150002,125.849998,121,,117.94944,97454
16-09-2016,122.5,124.349998,115.650002,,114.603012,149645
19-09-2016,119,121.599998,118.949997,,117.173462,58095
20-09-2016,121.75,125.599998,119,,116.154984,234079
21-09-2016,121.300003,122.349998,118.300003,,115.18499,95058
22-09-2016,121.800003,123.449997,119,,118.967918,93806
23-09-2016,123,124,120.099998,,117.318947,59145
26-09-2016,119.050003,120.099998,117.099998,,114.554504,55166
27-09-2016,117.449997,121,117.449997,,115.524498,64488
28-09-2016,119.400002,124.699997,118.5,,117.658447,212766
29-09-2016,121.599998,126.849998,108.349998,,111.159584,354462
30-09-2016,111.25,120.849998,111.25,,115.47599,104430
03-10-2016,121,122,119.099998,,117.076447,71223
04-10-2016,121,125,121,,118.434433,54679
05-10-2016,122.400002,129.899994,121,,124.545296,261308
06-10-2016,129.800003,131.899994,125.650002,,122.847832,206466
07-10-2016,126,126,120.099998,,116.736969,245214
10-10-2016,120.550003,123.800003,119.300003,,116.203476,83524
13-10-2016,119.949997,125.800003,117.099998,,116.009483,202877
14-10-2016,122.400002,122.400002,116.199997,,117.124962,60695
17-10-2016,120.050003,123,120,,116.494476,84335
18-10-2016,121.349998,122.300003,120.349998,,117.755447,43884
19-10-2016,121.400002,129,118.349998,,123.381317,329463
20-10-2016,126,128.899994,124.800003,,122.023354,97464
21-10-2016,126.050003,126.099998,120.800003,,119.404404,120183
24-10-2016,123.449997,124,120.5,,117.900948,101686
25-10-2016,123.400002,123.400002,119.75,,116.736969,69263
26-10-2016,121.75,121.75,116,,113.778534,107214
27-10-2016,108.550003,114.400002,108,,106.940178,266573
28-10-2016,111,114,108.300003,,108.152649,84084
01-11-2016,117.900002,117.900002,109,,108.055656,97198
02-11-2016,110,111.650002,105.349998,,106.212692,82969
03-11-2016,110.050003,111.300003,106,,103.593765,88241
04-11-2016,108.449997,108.449997,103.25,,101.411301,88856
07-11-2016,107.199997,108.900002,104.199997,,101.702286,58165
08-11-2016,105,107,103.550003,,101.653793,39709
09-11-2016,91.099998,107.900002,87,,103.108765,172612
10-11-2016,110,110,106.050003,,103.933243,42640
11-11-2016,103.300003,108,99.949997,,97.531387,96541
15-11-2016,100.25,102.949997,94,,92.051003,73144
16-11-2016,99.800003,100,89.199997,,88.365082,85471
17-11-2016,92,94,90.099998,,89.529068,199454
18-11-2016,92.699997,96.75,90.300003,,90.887024,55561
21-11-2016,91.650002,93.900002,88.099998,,86.619125,51731
22-11-2016,92.349998,93.800003,89.949997,,88.122581,63101
23-11-2016,92.949997,93.550003,91,,89.38356,41301
24-11-2016,92,95,92,,91.323524,35534
25-11-2016,96.699997,96.699997,90.099998,,90.353539,91123
28-11-2016,93.050003,93.050003,91.300003,,88.801567,78826
29-11-2016,92.449997,94.550003,92.199997,,90.014046,96217
30-11-2016,93,94.25,91.800003,,90.887024,27291
01-12-2016,92.449997,93.25,92,,89.529068,30506
02-12-2016,92.5,92.5,90.25,,88.268089,21160
05-12-2016,92.699997,92.699997,88.599998,,87.492096,32114
06-12-2016,92.650002,94,90,,89.577553,36920
07-12-2016,92.900002,94.900002,92.5,,90.353539,30833
08-12-2016,93.5,95.449997,93.5,,92.244995,30282
09-12-2016,94.949997,109.400002,94.949997,,100.247314,313469
12-12-2016,103,104.550003,98.25,,97.531387,76745
13-12-2016,103.400002,103.400002,98,,95.542923,28406
14-12-2016,99,102,97.400002,,95.15493,35798
15-12-2016,96.300003,99.900002,96.300003,,95.785423,26856
16-12-2016,98.150002,100.25,96.599998,,94.475952,19938
19-12-2016,98,98.099998,94.199997,,92.875481,23869
20-12-2016,96,96.75,93.050003,,90.935516,23575
21-12-2016,94,95.150002,88.800003,,87.395096,503361
22-12-2016,91.699997,91.699997,88.099998,,86.037125,46932
23-12-2016,88.900002,89.800003,82.550003,,82.302711,5785339
26-12-2016,86.900002,87.900002,75.75,,79.392776,471648
27-12-2016,82.400002,86.199997,82.150002,,82.593704,146662
28-12-2016,85,89.5,85,,84.582161,182349
29-12-2016,88.400002,89.949997,85.599998,,85.84314,84496
30-12-2016,89.900002,93.400002,89.25,,89.238068,263943
02-01-2017,93.900002,93.900002,90.199997,,89.820045,70545
03-01-2017,93.800003,98.5,92.550003,,94.81543,171764
04-01-2017,97.699997,103,97.699997,,98.113365,274929
05-01-2017,102.949997,103.800003,101.599998,,99.228844,139548
06-01-2017,103.300003,103.5,100.050003,,97.434387,70813
09-01-2017,100.800003,102.699997,97.900002,,96.076416,104235
10-01-2017,99.050003,101.5,99.050003,,97.385887,52716
11-01-2017,99.800003,102.5,99.800003,,98.210365,48025
12-01-2017,101.199997,102.449997,100.099998,,97.870872,41675
13-01-2017,101.650002,102.349998,97.599998,,96.367401,54670
16-01-2017,99,105,98.199997,,100.732307,157572
17-01-2017,103.900002,105.400002,101.150002,,99.277344,53908
18-01-2017,101.849998,104.900002,101.800003,,100.101822,80838
19-01-2017,102.199997,106.800003,102.199997,,100.489807,116299
20-01-2017,103.050003,104,99.5,,97.822372,69980
23-01-2017,101.050003,103.650002,100.449997,,98.113365,59542
24-01-2017,101.400002,110.5,101.25,,103.302757,707255
25-01-2017,107.550003,109,105.099998,,105.048721,147739
27-01-2017,108,113.650002,108,,108.104156,442584
30-01-2017,111.849998,113.900002,108.5,,106.358192,143758
31-01-2017,109.25,110.550003,106.599998,,103.981743,60117
01-02-2017,108.099998,110.449997,105.599998,,106.0672,105613
02-02-2017,109.099998,111.699997,105.800003,,105.679207,65897
03-02-2017,108.050003,111.150002,107.099998,,106.261192,69307
06-02-2017,110.5,110.5,107.949997,,104.903221,44183
07-02-2017,108.150002,113,107.849998,,107.231171,147860
08-02-2017,110.75,112.050003,109.650002,,106.697685,66861
09-02-2017,109.75,112.449997,109.150002,,106.988678,72115
10-02-2017,110.300003,111.25,107.550003,,105.921692,62730
13-02-2017,109.150002,110.800003,106.050003,,103.39975,53004
14-02-2017,106.400002,107.099998,103.150002,,101.0233,64532
15-02-2017,101.25,101.25,96.900002,,96.415916,164020
16-02-2017,99.099998,102.5,98.550003,,99.131844,59730
17-02-2017,103.150002,104.5,102.150002,,100.538315,69488
20-02-2017,104.5,104.5,100.199997,,99.228844,81692
21-02-2017,101.699997,104.800003,101.599998,,100.150322,33651
22-02-2017,102.25,108.199997,102.25,,102.187279,158150
23-02-2017,105,106.900002,103.050003,,100.586823,37822
27-02-2017,110.099998,111,107.099998,,104.418228,163789
28-02-2017,108.349998,109.5,107,,104.224243,173636
01-03-2017,108.800003,116,107.099998,,111.93557,785749
02-03-2017,115.900002,131.25,115.900002,,118.288925,2223243
03-03-2017,122.75,125.949997,121,,119.210411,318108
06-03-2017,123,124,117.449997,,119.501396,209270
07-03-2017,123.949997,124.449997,119.5,,118.434433,100622
08-03-2017,122.199997,127,121,,119.452904,159679
09-03-2017,123.5,124.300003,120.550003,,117.94944,40040
10-03-2017,122,123,118,,114.942505,65814
14-03-2017,122.449997,126.849998,119.5,,116.930954,151679
15-03-2017,120,123.400002,116.599998,,115.47599,191767
16-03-2017,120.900002,121.599998,115.699997,,112.760048,173998
17-03-2017,118.599998,120,116,,113.099541,71382
20-03-2017,118,120.099998,116.400002,,114.069527,264817
21-03-2017,119,120.800003,117.699997,,115.087997,121606
22-03-2017,118.849998,120.25,116.550003,,113.972519,153383
23-03-2017,119.5,121,116,,113.439034,112358
24-03-2017,117.699997,123.150002,116.800003,,118.434433,199800
27-03-2017,122.800003,124,121,,117.80394,69025
28-03-2017,121.949997,123.449997,120,,116.882462,53466
29-03-2017,120.300003,124,119.150002,,118.191933,80713
30-03-2017,122.849998,124,121.900002,,119.598404,44633
31-03-2017,123.199997,132.449997,122.800003,,127.309731,580065
03-04-2017,132,134.899994,130.399994,,128.861694,258141
05-04-2017,133.850006,134,130.199997,,129.201187,126246
06-04-2017,133.899994,134.350006,129.300003,,126.485252,70707
07-04-2017,131.300003,139.75,129.199997,,131.383621,496903
10-04-2017,136.600006,142.5,136.399994,,136.573044,364630
11-04-2017,143.800003,147.399994,141.5,,140.016464,330650
12-04-2017,144,145.350006,138,,136.379044,167004
13-04-2017,141.699997,142.699997,139.399994,,135.942535,64726
17-04-2017,138.25,141.949997,136,,133.566101,110599
18-04-2017,137.550003,149,137.550003,,137.058014,337384
19-04-2017,142.149994,143.850006,139.75,,137.882492,86756
20-04-2017,142.800003,143.800003,140.350006,,137.785522,78337
21-04-2017,142.75,143.600006,140,,136.476028,55380
24-04-2017,140.699997,141.800003,136.199997,,133.711594,125711
25-04-2017,138.949997,140.5,137.5,,134.972549,67103
26-04-2017,139.75,142,135,,133.129608,109923
27-04-2017,136.25,138.850006,135.5,,133.226608,50538
28-04-2017,138.449997,141,134,,132.741623,93707
02-05-2017,141.949997,144,139,,135.506058,225036
03-05-2017,140.449997,140.5,137.5,,134.002594,50761
04-05-2017,138.899994,140.949997,136.550003,,135.65155,87744
05-05-2017,141.699997,142.5,136.699997,,134.051086,124882
08-05-2017,136.199997,139.399994,136.199997,,133.0811,31935
09-05-2017,140.899994,144,139.199997,,135.700043,391403
10-05-2017,140.399994,141.5,138.600006,,135.166565,43791
11-05-2017,139.5,142.25,137.949997,,135.506058,50781
12-05-2017,142.5,143.949997,140.149994,,137.349014,205654
15-05-2017,142.199997,148.699997,141.050003,,143.605392,360966
16-05-2017,148.350006,149.350006,145.350006,,142.150406,108302
17-05-2017,148.850006,148.850006,143.550003,,139.967957,42892
18-05-2017,143.850006,144.600006,141.5,,138.221985,105706
19-05-2017,143.600006,144.699997,132.199997,,135.845551,280323
22-05-2017,138.300003,145.050003,138.300003,,138.221985,128580
23-05-2017,142,142.699997,134.199997,,136.330551,91838
24-05-2017,139,140.5,134,,132.644608,63108
25-05-2017,134.25,139.100006,134.25,,133.905594,63353
26-05-2017,138,144.699997,138,,136.573044,168285
29-05-2017,139,143.899994,138.350006,,137.543015,91321
30-05-2017,140,141.699997,139,,135.942535,31069
31-05-2017,139.899994,143.100006,139.550003,,137.009537,53262
01-06-2017,139.300003,142.800003,138.800003,,135.312057,54365
02-06-2017,140.649994,144.25,139.699997,,137.591522,103814
05-06-2017,141.050003,153.800003,140.649994,,143.605392,834098
06-06-2017,147.949997,150.899994,145,,145.399826,228412
07-06-2017,152.350006,152.350006,148.449997,,145.060364,142605
08-06-2017,149.149994,150.899994,147.199997,,144.33287,99890
09-06-2017,149.050003,154.899994,147.399994,,148.552261,408482
12-06-2017,153.899994,158.699997,152.199997,,148.988754,367919
13-06-2017,153.600006,155.449997,150.550003,,147.097305,89359
14-06-2017,151.649994,153,150.300003,,146.709305,40791
15-06-2017,151.399994,152.899994,150.800003,,148.224808,35003
16-06-2017,154.25,166.899994,154.100006,,157.855499,806528
19-06-2017,161.449997,181.399994,161.449997,,173.010406,1699411
20-06-2017,176,185.25,171.649994,,170.126083,807849
21-06-2017,172.5,177,167.050003,,163.966354,317360
22-06-2017,168.449997,170,162.050003,,159.224335,135241
23-06-2017,163.699997,166.449997,157.300003,,159.224335,115688
27-06-2017,163.199997,163.899994,155.300003,,152.966812,80965
28-06-2017,154.050003,159.949997,151.649994,,154.873398,54401
29-06-2017,159.199997,165.399994,158.149994,,156.535553,169857
30-06-2017,159,163.5,156.5,,157.806595,102714
03-07-2017,162.949997,173,160.050003,,166.557373,311885
04-07-2017,167.5,170.949997,165.550003,,164.455231,118308
05-07-2017,168.199997,173.699997,168.199997,,167.143982,231978
06-07-2017,172.899994,194.600006,172.850006,,175.405869,1054086
07-07-2017,179.800003,184.050003,171,,168.268402,489183
10-07-2017,175.050003,175.350006,172.5,,171.103836,67925
11-07-2017,172.649994,175.25,169.800003,,169.392776,205997
12-07-2017,174,175,171.550003,,169.001709,84222
13-07-2017,174.949997,177.699997,171.399994,,171.690475,183447
14-07-2017,175.899994,175.899994,168.899994,,166.361801,167567
17-07-2017,170,170.399994,165.550003,,162.499756,211407
18-07-2017,165,167.5,162,,159.859863,114289
19-07-2017,163.5,167.399994,163,,160.788696,59189
20-07-2017,165.399994,167.449997,163.449997,,161.228683,380078
21-07-2017,165.899994,172.5,163.5,,167.53511,548223
24-07-2017,174.5,176.850006,169.399994,,166.655121,734478
25-07-2017,171.5,172.699997,167,,165.04187,109279
26-07-2017,169.550003,176.5,167.699997,,170.126083,327555
27-07-2017,174.149994,174.449997,164.800003,,161.71756,203232
28-07-2017,166.800003,166.800003,162.800003,,161.473129,84074
31-07-2017,166.5,167,161.699997,,158.686584,73151
01-08-2017,160.649994,164.149994,160.649994,,159.713211,93550
02-08-2017,163.399994,170.5,161.949997,,159.859863,310508
03-08-2017,164.550003,168.199997,163.449997,,162.304199,115900
04-08-2017,166.949997,171,165.100006,,162.988632,172853
07-08-2017,168.199997,168.199997,162.199997,,160.593155,78468
08-08-2017,165.699997,167.600006,158.399994,,156.291138,135488
09-08-2017,159.100006,159.5,151.899994,,149.886948,238915
10-08-2017,154,154,144.5,,143.580551,349082
11-08-2017,142.199997,151.050003,142.199997,,142.407257,269370
14-08-2017,147.149994,152.100006,147.149994,,146.269333,68433
16-08-2017,149,153.5,148.600006,,147.491516,57161
17-08-2017,149,159,149,,151.598007,201889
18-08-2017,155,161.649994,151.949997,,154.971176,172684
21-08-2017,158.5,167.550003,157.300003,,159.175446,181579
22-08-2017,163.699997,169.850006,162,,159.908752,219748
23-08-2017,164.25,166.699997,163.75,,160.837601,57395
24-08-2017,165.25,172.399994,162.800003,,166.752899,235584
28-08-2017,172,182.899994,172,,176.432495,648513
29-08-2017,179.899994,180.399994,173.300003,,170.517181,174397
30-08-2017,175.449997,182.699997,175.449997,,174.428116,247673
31-08-2017,178.699997,180.25,175.449997,,174.574783,107884
01-09-2017,179.050003,185,176.649994,,175.161438,194227
04-09-2017,180.449997,182,172.050003,,173.352631,152785
05-09-2017,178.100006,181.449997,176.5,,175.405869,74170
06-09-2017,179,180.75,172.100006,,173.743698,155567
07-09-2017,178,180.75,177,,173.93924,118152
08-09-2017,176.600006,179.399994,174.600006,,171.543808,64621
11-09-2017,176.899994,179.800003,175.5,,172.521545,98925
12-09-2017,175.850006,178,175,,171.690475,36869
13-09-2017,176.75,178.600006,169.699997,,167.486206,97853
14-09-2017,177.800003,181.899994,172.149994,,170.566071,445004
15-09-2017,172.550003,174.600006,170.699997,,168.36615,89426
18-09-2017,173,177.199997,171.699997,,169.881653,482307
19-09-2017,174.899994,184.399994,172.100006,,175.356979,344989
20-09-2017,183.899994,183.899994,178.199997,,175.796967,716670
21-09-2017,181,182.100006,173,,170.712738,152150
22-09-2017,174.399994,174.899994,168,,169.148361,177054
25-09-2017,174.800003,178.199997,168.350006,,171.886032,239008
26-09-2017,175.199997,193.5,175.199997,,184.743256,696117
27-09-2017,192.449997,204.399994,183.800003,,181.810028,1420109
28-09-2017,189.100006,192.399994,186,,186.503174,279894
29-09-2017,193.600006,202,191,,189.729706,685291
03-10-2017,197.100006,198.699997,192.5,,188.996414,192995
04-10-2017,194.699997,198,192.5,,191.685165,165460
05-10-2017,196.449997,211.350006,196.449997,,202.733597,1002433
06-10-2017,209,216.399994,205.100006,,202.391373,598102
09-10-2017,208.899994,213.399994,205.5,,207.475601,568379
10-10-2017,214.350006,227.149994,212,,217.888504,971296
11-10-2017,226.600006,233.699997,210.199997,,209.18663,951760
12-10-2017,215.899994,221,215.899994,,214.906403,394418
13-10-2017,221.800003,224.5,215.199997,,212.462051,435517
16-10-2017,218.850006,221.600006,212.199997,,208.844467,274926
17-10-2017,214.149994,215.100006,209.600006,,205.960114,212282
18-10-2017,211,214.850006,206,,206.15567,279450
19-10-2017,212,217.5,212,,211.43544,248305
23-10-2017,217.75,218.199997,208.550003,,210.115509,280754
24-10-2017,216.949997,219,213.800003,,211.093231,323179
25-10-2017,216.800003,218.199997,210.050003,,205.86235,167956
26-10-2017,210.300003,216.800003,208.25,,208.208908,219780
27-10-2017,214,220.949997,212.350006,,212.364288,639221
30-10-2017,218,219.800003,212.600006,,209.137756,214802
31-10-2017,215.199997,219.800003,213.949997,,212.315399,232247
01-11-2017,218.5,219.449997,213.199997,,209.919937,155060
02-11-2017,216.649994,216.949997,211.5,,208.404449,157279
03-11-2017,216.199997,228,215,,216.71521,1013222
06-11-2017,221.600006,227.800003,216.100006,,217.888504,376297
07-11-2017,223,225.699997,214.5,,210.995453,278821
08-11-2017,216.899994,221.75,210.800003,,208.795563,123255
09-11-2017,215.75,219.899994,211.399994,,212.902054,163193
10-11-2017,215,223.399994,214,,213.488693,237050
13-11-2017,218.100006,222,214.649994,,210.213272,146734
14-11-2017,216.300003,217.149994,213,,209.871063,132156
15-11-2017,215,217,210.699997,,207.768936,153908
16-11-2017,214,217.649994,212.25,,211.093231,142032
17-11-2017,218.550003,219,212,,208.013367,107148
20-11-2017,214.899994,224,214,,217.448517,319141
21-11-2017,225.5,229.899994,223.100006,,220.33284,486496
22-11-2017,227,227,217.949997,,218.964005,177514
23-11-2017,225.800003,229,222.550003,,219.20845,295370
24-11-2017,226.25,226.25,214.5,,211.582108,393506
27-11-2017,216,219.899994,214.75,,211.190994,120142
28-11-2017,215.100006,218,208.199997,,205.080154,384043
29-11-2017,210,213.75,209.800003,,206.595642,154833
30-11-2017,210.5,210.5,207.100006,,204.004639,104159
01-12-2017,208.100006,211.899994,203.5,,200.435913,154132
04-12-2017,206.850006,208.75,199,,195.64502,165202
05-12-2017,200.949997,203,196.5,,197.111618,95746
06-12-2017,198,207.600006,198,,198.089355,152083
07-12-2017,203.850006,204.800003,202,,198.431564,102289
08-12-2017,203.050003,208,199.550003,,197.502686,306566
11-12-2017,202.899994,210.100006,202.899994,,200.533691,284714
12-12-2017,206.899994,207.800003,203,,199.018188,100451
13-12-2017,202.600006,203.100006,199.949997,,197.698257,212451
14-12-2017,203.050003,207.75,201.100006,,201.364761,238654
15-12-2017,206,215.350006,205,,208.257797,314099
18-12-2017,225,225,212.649994,,214.124222,894786
19-12-2017,220.899994,223.699997,219.050003,,215.688599,264839
20-12-2017,222,233.949997,220,,221.115021,1468279
21-12-2017,228.5,237.850006,228.449997,,226.297028,1129525
22-12-2017,232.75,235.199997,228,,224.928207,491581
26-12-2017,229.75,238,228.050003,,229.670197,490762
27-12-2017,236.25,243.25,234,,229.914642,606298
28-12-2017,236.850006,239.850006,230.100006,,227.030334,341276
29-12-2017,233,236.899994,230.300003,,226.345932,285918
01-01-2018,233.300003,235,229.5,,225.123734,247169
02-01-2018,231.649994,239.899994,226.75,,227.665863,497481
03-01-2018,233.949997,236.899994,231.75,,228.252502,275039
04-01-2018,235.449997,238.699997,231,,229.279129,301414
05-01-2018,238.350006,244.899994,235.949997,,237.394348,453208
08-01-2018,245,288.700012,245,,269.170746,3564877
09-01-2018,280,295,270,,267.459717,3379684
10-01-2018,275.950012,281.799988,260,,259.637848,1101485
11-01-2018,266.350006,274.950012,263.200012,,264.135406,899854
12-01-2018,276,279.399994,266.399994,,263.451019,762435
15-01-2018,270.100006,283.5,270.100006,,275.62381,1310984
16-01-2018,283.899994,288.5,277.75,,277.628204,1138173
17-01-2018,283,289.899994,270.600006,,280.07251,931432
18-01-2018,288.899994,293,278,,276.112671,983109
19-01-2018,287.5,292.350006,278.200012,,276.161591,1346675
22-01-2018,283,292,281.200012,,283.543457,518901
23-01-2018,293,298,283.399994,,279.583679,762341
24-01-2018,284,288.5,277,,277.87262,367657
25-01-2018,285.899994,296.5,280.799988,,284.961212,432440
29-01-2018,291.5,294.649994,275,,270.63736,461686
30-01-2018,276.700012,277.950012,270.399994,,270.58847,198891
31-01-2018,280,284,274.25,,271.908417,244309
01-02-2018,278.100006,282,272.350006,,270.050751,233883
02-02-2018,272,273.75,221,,244.531815,974304
05-02-2018,242,262.5,227.300003,,252.842575,433290
06-02-2018,244.5,258.5,230,,250.984879,484118
07-02-2018,261.049988,268,258,,256.020233,295078
08-02-2018,265,274.649994,264.950012,,264.086548,427572
09-02-2018,264.700012,272,260.100006,,263.451019,221760
12-02-2018,275.399994,275.399994,259.649994,,261.886627,244592
14-02-2018,272,280.5,270.299988,,268.290771,337280
15-02-2018,276.799988,277.350006,264.350006,,259.931152,213218
16-02-2018,268,271,253.350006,,253.380325,264723
19-02-2018,260.950012,267.799988,253.199997,,259.784485,288993
20-02-2018,263,268.350006,257,,253.184799,111201
21-02-2018,262.350006,263.899994,255.5,,251.864838,65191
22-02-2018,256.950012,258,250.5,,245.802856,103589
23-02-2018,254.25,259.5,251.350006,,251.522614,121128
26-02-2018,259,262,258.25,,254.406967,101708
27-02-2018,261.350006,263.399994,259.149994,,254.309174,145720
28-02-2018,258,263.299988,255.149994,,254.944717,180318
01-03-2018,258,263,257.549988,,254.113617,130396
05-03-2018,258.600006,261.200012,234.5,,251.42485,163377
06-03-2018,258.350006,262,256,,254.113617,277077
07-03-2018,260,260,235,,236.123291,376148
08-03-2018,243.649994,245.800003,228,,230.305756,379604
09-03-2018,236.5,242.399994,235.050003,,231.870132,132460
12-03-2018,239.5,243.800003,230.199997,,230.696838,243245
13-03-2018,233.550003,242.850006,233.550003,,236.123291,172837
14-03-2018,241.899994,247,240.100006,,238.518723,168428
15-03-2018,244.899994,257.399994,243.050003,,249.616043,198344
16-03-2018,255,261.399994,252.550003,,249.8116,146847
19-03-2018,253.100006,256.350006,250.100006,,246.731735,196472
20-03-2018,250.25,253.899994,244.399994,,244.434036,216200
21-03-2018,250,258.700012,249.949997,,250.007126,2927196
22-03-2018,258,258.799988,251.350006,,247.416122,63896
23-03-2018,241.350006,254,240,,245.411774,197243
26-03-2018,251,253.949997,246.300003,,242.429672,247146
27-03-2018,250.100006,257.450012,249.5,,247.073914,159867
28-03-2018,252.100006,254,246.800003,,242.380783,142229
02-04-2018,248.149994,261.5,248,,254.064743,145280
03-04-2018,255.699997,262.450012,255.550003,,255.091354,69225
04-04-2018,265.200012,266.899994,253.550003,,249.22493,220833
05-04-2018,258.399994,263.5,255.5,,254.358047,308855
06-04-2018,261.700012,261.700012,256.899994,,252.940369,85941
09-04-2018,261.350006,262.799988,255.649994,,250.935974,102222
10-04-2018,257.5,259.5,253.649994,,248.980499,77209
11-04-2018,255.100006,256.25,245.350006,,243.309662,212936
12-04-2018,249,253.75,247.899994,,246.536163,84361
13-04-2018,252.550003,255,249.350006,,246.340622,95500
16-04-2018,250,253.399994,245.75,,243.065216,204125
17-04-2018,248.5,251.949997,244.100006,,240.034241,128676
18-04-2018,251.25,259.899994,246,,242.136353,368409
19-04-2018,251.149994,251.899994,248.100006,,244.385147,87857
20-04-2018,250.199997,252.149994,246,,244.189606,156972
23-04-2018,248.5,259.799988,246.899994,,252.695923,375515
24-04-2018,261.399994,281.850006,261.399994,,264.917633,1239153
25-04-2018,272.950012,276.549988,265,,260.811096,297439
26-04-2018,267,268.049988,261.350006,,260.61557,159613
27-04-2018,268.799988,270.899994,265.149994,,261.984406,176492
30-04-2018,269.799988,271,266.450012,,263.206604,226354
02-05-2018,272.5,273.399994,265,,260.908905,179201
03-05-2018,266,266.899994,256.700012,,252.891449,140817
04-05-2018,258.200012,263.649994,257,,252.01149,105339
07-05-2018,251.100006,255.300003,240,,248.296097,418300
08-05-2018,253.100006,259.799988,246.5,,250.838196,187611
09-05-2018,257,257,252.050003,,248.198318,96265
10-05-2018,254.949997,263.649994,253.199997,,249.567154,189828
11-05-2018,258.899994,262,255,,249.8116,100688
14-05-2018,257.299988,260.850006,253,,248.296097,231992
15-05-2018,254.949997,259.5,250,,244.922913,144022
16-05-2018,247,260.649994,245,,245.118439,245040
17-05-2018,251.949997,256.299988,250,,247.465027,68009
18-05-2018,251,254.5,248.800003,,244.189606,76584
21-05-2018,248,251.149994,240,,235.487762,136060
22-05-2018,241.5,247.399994,238.75,,238.323181,112336
23-05-2018,241.300003,245.800003,240.5,,239.643127,112687
24-05-2018,247.550003,251.199997,245,,241.9897,75398
25-05-2018,249.649994,253.199997,247.649994,,245.265121,70684
28-05-2018,248.699997,255.899994,248.699997,,246.242859,68407
29-05-2018,252.5,253.550003,245.050003,,241.011978,137369
30-05-2018,245,250.449997,245,,240.229782,60779
31-05-2018,245.5,249,241.5,,238.714279,92470
01-06-2018,245.600006,245.699997,233.649994,,230.599091,155161
04-06-2018,237.75,241.050003,228,,223.754929,142276
05-06-2018,228.850006,231,218.550003,,215.88414,163865
06-06-2018,220,228.949997,215.5,,221.506134,164512
07-06-2018,227.649994,246.5,227.649994,,237.149902,235078
08-06-2018,242,244.350006,236.050003,,233.238953,74187
11-06-2018,238.649994,245.800003,238.649994,,236.856583,72699
12-06-2018,240.199997,254.300003,240.199997,,242.478577,150139
13-06-2018,249,254,245,,239.643127,96168
14-06-2018,246.050003,248.300003,242.5,,239.398712,40388
15-06-2018,244,248.449997,240.649994,,240.865311,66710
18-06-2018,246,251,243.149994,,242.185226,150858
19-06-2018,246,247.800003,241.550003,,239.740906,128094
20-06-2018,246.699997,251.5,242.25,,244.531815,117342
21-06-2018,251,251,245,,241.696365,125736
22-06-2018,247.550003,249.5,245.350006,,241.74527,58143
25-06-2018,244.100006,258.600006,244.100006,,244.042953,129370
26-06-2018,249.850006,250.050003,245,,240.718628,51484
27-06-2018,244.100006,249.149994,231,,234.75444,257173
28-06-2018,242.25,245.5,237,,235.732178,240031
29-06-2018,241,248.350006,240.5,,238.420975,171599
02-07-2018,243,247,235,,232.505661,110304
03-07-2018,236.199997,244.149994,236.199997,,237.492111,86167
04-07-2018,241.199997,243.300003,234.050003,,231.332382,121241
05-07-2018,236.899994,241.699997,236.050003,,231.919022,77181
06-07-2018,237.300003,241,235.149994,,230.647949,64335
09-07-2018,237.5,240.949997,236.550003,,234.75444,59679
10-07-2018,242,253.300003,240,,243.309662,151416
11-07-2018,249.199997,251.5,240,,238.909836,96252
12-07-2018,244.649994,246.649994,236.949997,,232.994522,104232
13-07-2018,239,243.699997,231,,234.118912,156976
16-07-2018,239.449997,239.449997,228.050003,,224.48822,87235
17-07-2018,231,235.5,225,,221.897217,111614
18-07-2018,227.899994,229.699997,217.5,,217.546295,158898
19-07-2018,223.399994,228.449997,217,,215.933044,157614
20-07-2018,220,223,217,,213.733109,112674
23-07-2018,218.600006,221,215.5,,212.462051,79887
24-07-2018,219.050003,232.800003,218.600006,,226.737,169177
25-07-2018,232.949997,233.899994,226.5,,227.671097,74439
26-07-2018,233.899994,234.399994,230,,228.850998,110974
27-07-2018,234.350006,239.5,232.100006,,233.128128,103218
30-07-2018,238.5,245,232.149994,,237.798553,131921
31-07-2018,241.850006,243.800003,237.699997,,237.601898,93222
01-08-2018,242.800003,245,238,,237.847717,100737
02-08-2018,243,243,237.300003,,236.127029,79687
03-08-2018,240.800003,243,232.399994,,236.962799,162786
06-08-2018,243.399994,252.5,239.050003,,246.254486,377076
07-08-2018,253.5,270,253.5,,261.691498,505079
08-08-2018,265,276.200012,262.399994,,259.479187,275999
09-08-2018,266.5,282.950012,266.5,,276.096069,470176
10-08-2018,283.799988,292,280.049988,,278.406677,451057
13-08-2018,282,289,275,,272.949707,185386
14-08-2018,278.75,284.5,275.25,,274.621185,168559
16-08-2018,280,286.600006,277.75,,274.572021,138284
17-08-2018,280.899994,283.799988,273.600006,,271.229004,121056
20-08-2018,277,283,264.799988,,272.113922,173864
21-08-2018,278,278,271.100006,,268.672546,98358
23-08-2018,274.649994,278,266.75,,268.279266,210872
24-08-2018,270.100006,274.399994,264,,261.691498,117899
27-08-2018,268.399994,272,265.299988,,263.01886,73580
28-08-2018,268.399994,271.899994,263.200012,,260.708221,161389
29-08-2018,266.100006,267.899994,263.25,,260.069122,108320
30-08-2018,264,267.850006,258,,255.005402,112408
31-08-2018,258.850006,270.950012,255,,256.873566,344533
03-09-2018,263.149994,266.899994,259,,256.234467,237826
04-09-2018,261,262.799988,255,,255.251205,138294
05-09-2018,259,259.75,250.5,,250.236649,133303
06-09-2018,256.600006,257.700012,251.75,,250.728271,81885
07-09-2018,256,260.049988,252,,253.03891,388130
10-09-2018,255.100006,259.200012,250.300003,,246.795273,143387
11-09-2018,253.350006,259.149994,251,,250.285812,854240
12-09-2018,253.25,256,249,,249.056747,509264
14-09-2018,254.949997,276.700012,254.100006,,269.262482,1120726
17-09-2018,272.700012,275,263.850006,,263.01886,365252
18-09-2018,268.950012,277.399994,265.5,,264.592072,625334
19-09-2018,271.600006,291.600006,271,,284.355377,1213161
21-09-2018,292.049988,303.5,262,,272.212219,1946885
24-09-2018,278,284.899994,266,,265.673676,650309
25-09-2018,270,283.5,265.399994,,276.145233,505789
26-09-2018,283.799988,301.700012,274.25,,288.878296,814642
27-09-2018,302.600006,305,288.5,,293.745392,940815
28-09-2018,300.399994,303,273.450012,,290.648163,1296334
01-10-2018,289,289.200012,273.700012,,279.389954,610018
03-10-2018,284.5,286.5,276.5,,274.768677,362164
04-10-2018,274.700012,276.850006,266.5,,263.903778,329317
05-10-2018,269.899994,272.100006,260.100006,,256.824432,280766
08-10-2018,257,267.899994,212.5,,253.432205,1004097
09-10-2018,261,263.5,244.699997,,246.500305,240676
10-10-2018,252.199997,259.450012,249,,248.171814,349876
11-10-2018,243.699997,253.899994,240.850006,,244.386322,187511
12-10-2018,254.399994,255.5,248.649994,,245.910355,208638
15-10-2018,252.399994,253,248.199997,,246.746124,202982
16-10-2018,252,252.850006,248.5,,245.664551,360191
17-10-2018,252.649994,256,245.5,,246.795273,328082
19-10-2018,250.5,254.5,248,,246.500305,322111
22-10-2018,253.800003,254.800003,230.600006,,230.915833,222643
23-10-2018,232.850006,242,225.5,,233.914719,391999
24-10-2018,241.949997,246.350006,235.600006,,239.814209,153254
25-10-2018,237,243.399994,237,,237.306946,100779
26-10-2018,242.800003,248.300003,238.300003,,238.437668,172595
29-10-2018,247.100006,252,240.699997,,239.568405,372523
30-10-2018,244.600006,247.800003,240.649994,,237.503586,107402
31-10-2018,241.550003,251.800003,239.300003,,244.337158,293081
01-11-2018,249.050003,257.450012,248.949997,,248.220993,802801
02-11-2018,258.700012,280,252.25,,270.589905,1908834
05-11-2018,277.450012,283.899994,263.549988,,263.166351,360240
06-11-2018,269.149994,279,265,,272.310577,343765
07-11-2018,278,281.299988,277,,274.424561,186126
09-11-2018,278.100006,286.5,273.100006,,270.393219,586051
12-11-2018,276,277.399994,267.100006,,264.198792,164554
13-11-2018,268.399994,274.549988,266,,263.756317,142214
14-11-2018,270.299988,273,263.450012,,261.740662,101636
15-11-2018,266.950012,266.950012,261.200012,,260.609894,404656
16-11-2018,260,261.25,251,,252.104813,626956
19-11-2018,250.5,257.950012,245.600006,,251.859009,360540
20-11-2018,257,265.5,255.800003,,257.414337,369147
21-11-2018,261.799988,262.5,258.100006,,257.365204,145492
22-11-2018,263,268,260,,257.168549,236964
26-11-2018,260.200012,263.299988,253.199997,,255.005402,127224
27-11-2018,258,259,254.5,,250.974075,104032
28-11-2018,256.799988,256.799988,245.75,,245.517044,245037
29-11-2018,250.399994,251.649994,245.5,,244.976257,112574
30-11-2018,249.149994,258.649994,247,,253.333878,203692
03-12-2018,259.899994,263.200012,252.25,,249.54837,241881
04-12-2018,255.850006,255.850006,248.050003,,244.681305,91101
05-12-2018,247.899994,250.800003,242.300003,,238.978455,127380
06-12-2018,238.399994,244.949997,226.949997,,235.930389,354127
07-12-2018,240,240.699997,229,,227.179489,314959
10-12-2018,225.050003,228,222.050003,,219.657623,141993
11-12-2018,220,233.800003,218,,226.442047,165729
12-12-2018,230.75,238.699997,230.75,,232.194046,165813
13-12-2018,239,241.449997,237,,234.799652,144033
14-12-2018,237.800003,238.449997,230.149994,,228.211899,144921
17-12-2018,233.600006,237.949997,231.800003,,229.047638,101666
18-12-2018,233.600006,233.600006,228,,226.0979,168885
19-12-2018,230,233.699997,228,,226.0979,219855
20-12-2018,230.550003,232.199997,224.699997,,221.525803,319132
21-12-2018,225.850006,225.850006,218.600006,,216.265427,459650
24-12-2018,219.300003,220.850006,211.5,,209.628494,348996
26-12-2018,213.149994,213.149994,205.050003,,204.564774,239585
27-12-2018,209.25,210.850006,207.050003,,206.334625,261736
28-12-2018,211.399994,218,210.800003,,213.217361,320189
31-12-2018,224.399994,225,218.550003,,217.396164,166362
01-01-2019,222.550003,224.899994,216.699997,,220.100098,117461
02-01-2019,222.899994,224.25,217.100006,,216.904541,185150
03-01-2019,223.25,223.600006,218,,215.331345,386933
04-01-2019,220.399994,222.850006,218.649994,,217.199493,192618
07-01-2019,221.100006,224.850006,219.850006,,217.54364,64405
08-01-2019,221.25,225.5,219,,219.608475,99499
09-01-2019,223.199997,223.949997,219,,217.101181,72565
10-01-2019,221.850006,223.5,220,,218.133606,46839
11-01-2019,220.149994,221,214.149994,,211.693329,115098
14-01-2019,216.5,219.899994,210.5,,213.954803,117285
15-01-2019,222.5,222.5,217.300003,,215.773804,64818
16-01-2019,218.100006,222.5,218.100006,,216.757034,86847
17-01-2019,221,230,219,,222.459885,234451
18-01-2019,226.800003,232.5,225,,227.179489,227900
21-01-2019,230,232.350006,226.550003,,227.13031,225416
22-01-2019,231.100006,232,228,,226.93367,176752
23-01-2019,228.050003,231.550003,225.149994,,226.0979,162104
24-01-2019,227.25,228.75,217,,215.675491,228792
25-01-2019,221.800003,221.800003,213,,212.332428,109209
28-01-2019,217.600006,218.850006,206,,210.80838,192275
29-01-2019,215,215,207,,205.695496,116407
30-01-2019,210.25,213.550003,207,,205.498856,216253
31-01-2019,209.949997,223.25,208.25,,215.675491,166520
01-02-2019,221.550003,234,220.699997,,224.328064,206183
04-02-2019,229.350006,231.699997,217,,223.541473,207023
05-02-2019,227.350006,230,221.199997,,218.821869,58532
06-02-2019,220.300003,230.199997,218.149994,,223.934753,138898
07-02-2019,226,235,225.5,,226.884506,446426
08-02-2019,226.100006,234.5,222.649994,,223.098984,80138
11-02-2019,229.100006,229.100006,218.699997,,219.952606,81802
12-02-2019,224.899994,225.850006,220,,217.592819,59146
14-02-2019,211.399994,222.399994,211.399994,,216.51123,79697
15-02-2019,216.5,219.5,212.100006,,213.561478,74862
18-02-2019,217.100006,218.5,212.5,,210.4151,61947
19-02-2019,215.300003,218.399994,213.5,,210.61174,39129
20-02-2019,214,217.699997,213.5,,212.676575,57007
21-02-2019,216,218.899994,215.300003,,213.758148,50042
22-02-2019,215.050003,222.350006,215.050003,,213.26651,70507
25-02-2019,218.300003,229.600006,217.850006,,224.623032,127512
26-02-2019,223.399994,226.5,218.449997,,219.411819,87370
27-02-2019,224.399994,233,222.149994,,223.344803,114494
28-02-2019,226.100006,235.199997,226.100006,,228.654358,174514
01-03-2019,234,235,233.050003,,229.932571,110076
05-03-2019,233.850006,244.850006,233.199997,,237.306946,196455
06-03-2019,242.449997,255.800003,242.449997,,245.418732,693527
07-03-2019,252.149994,260.100006,252.149994,,253.137238,434907
08-03-2019,258,258,251,,248.122681,251633
11-03-2019,253.949997,264,253.899994,,253.383041,196310
12-03-2019,260,266,260,,259.13504,847999
13-03-2019,263.950012,265.149994,255.199997,,252.498108,115957
14-03-2019,258,263.149994,253.800003,,254.85791,130168
15-03-2019,261,265.049988,252,,257.217712,407971
18-03-2019,263.950012,272.950012,263.450012,,267.246826,299261
19-03-2019,273.5,274.899994,264.200012,,266.853516,255837
20-03-2019,271.850006,274.5,265.5,,262.035645,121471
22-03-2019,266,271.200012,260.25,,263.068024,313427
25-03-2019,266.200012,267.450012,257.5,,254.415451,99313
26-03-2019,264.200012,273,262.899994,,267.197662,529148
27-03-2019,273.450012,276.899994,265.700012,,270.884857,234590
28-03-2019,274.950012,279.450012,272.799988,,270.245758,116651
01-04-2019,276,279.899994,269.25,,267.541809,107450
02-04-2019,274.600006,278.100006,270.049988,,266.90271,81263
03-04-2019,271,274.350006,265,,265.968597,97864
04-04-2019,269.899994,273.600006,262.600006,,267.001007,184166
05-04-2019,273,284.850006,265.649994,,275.997742,572893
08-04-2019,281.799988,283.75,270,,267.640137,172717
09-04-2019,271.700012,273.850006,268.75,,265.968597,86101
10-04-2019,269.850006,273.700012,268.75,,264.985382,86779
11-04-2019,271.049988,271.600006,266,,262.527222,79234
12-04-2019,266.399994,270.899994,266.350006,,264.936218,70289
15-04-2019,269.450012,275,269.100006,,267.394348,154894
16-04-2019,273.299988,273.600006,268,,264.05127,86453
18-04-2019,269.100006,272,266,,262.527222,75178
22-04-2019,267,271,259.5,,256.480286,292549
23-04-2019,261,263.100006,255,,251.564026,106559
24-04-2019,256.100006,266.350006,254.75,,257.807648,149901
25-04-2019,263,271,261,,257.807648,109181
26-04-2019,264.299988,269.799988,263,,262.281433,159180
30-04-2019,269,270.25,262.5,,259.675842,64666
02-05-2019,263.600006,268,263,,262.330566,60962
03-05-2019,269,274.399994,266.549988,,268.475891,264806
06-05-2019,275.450012,304,275,,281.503906,2647123
07-05-2019,289,294,281,,278.701691,454958
08-05-2019,285.399994,287.649994,268.950012,,267.246826,574555
09-05-2019,271,281,267.100006,,268.770905,336018
10-05-2019,274.5,283.399994,272.600006,,276.538513,541821
13-05-2019,283,287.399994,278.950012,,275.161987,404514
14-05-2019,279,283.799988,273.549988,,271.671448,257386
15-05-2019,277.600006,289.799988,277.600006,,278.30838,343918
16-05-2019,284.399994,288.350006,280.5,,276.981018,119466
17-05-2019,282.299988,290.100006,281.5,,279.389954,322751
20-05-2019,292.25,299.899994,288,,284.994476,578630
21-05-2019,293,294.5,283.5,,280.373199,195997
22-05-2019,286.049988,287,281.299988,,278.996674,149233
23-05-2019,293,294,282.350006,,279.439117,185910
24-05-2019,286.350006,297.799988,283.399994,,289.369934,437237
27-05-2019,293.5,313.950012,289,,307.166687,1369975
28-05-2019,316,317.5,305.700012,,308.739899,1025331
29-05-2019,315.100006,322,310.25,,308.346619,883844
30-05-2019,314.950012,321.799988,314.149994,,312.574585,545497
31-05-2019,319.5,325.299988,311.600006,,309.870636,809795
03-06-2019,316.899994,323.600006,314.700012,,315.278503,477609
04-06-2019,320.399994,329.5,319.950012,,321.571289,631468
06-06-2019,329.399994,337.950012,322.600006,,321.32547,782789
07-06-2019,324,327.549988,318,,315.180176,469295
10-06-2019,320,320,291,,290.205658,1695017
11-06-2019,293.899994,295,270,,285.43692,1519501
12-06-2019,287,295.049988,280,,277.079315,442124
13-06-2019,278.5,283.899994,275.5,,276.145233,386031
14-06-2019,279.5,283,275,,276.636871,357766
17-06-2019,282.049988,284.799988,266,,266.804382,315190
18-06-2019,272,278.700012,264.25,,272.359711,308539
19-06-2019,279.799988,283.200012,273,,272.953979,266315
20-06-2019,275.049988,280.049988,271.399994,,275.97467,174136
21-06-2019,278.649994,283,275.75,,279.342041,168823
24-06-2019,282,285.700012,280.100006,,278.401154,100090
25-06-2019,280.799988,284.450012,280.399994,,279.490601,76461
26-06-2019,282.899994,286.799988,280.600006,,282.610352,176270
27-06-2019,287,288,283.649994,,284.442596,90797
28-06-2019,290,293.5,286.600006,,287.314758,124874
01-07-2019,295,306,295,,298.110107,645258
02-07-2019,303,310.5,302.100006,,306.132324,347730
03-07-2019,310.799988,313.450012,301.600006,,299.694733,230317
04-07-2019,302.600006,309.25,302.600006,,303.606812,145745
05-07-2019,308.100006,308.75,293.600006,,302.071686,152437
08-07-2019,305.350006,306,289.049988,,301.427948,381611
09-07-2019,303.899994,303.899994,296.5,,296.327393,133029
10-07-2019,297,303,296.700012,,297.16922,149568
11-07-2019,300.049988,302.950012,299.200012,,297.36731,76111
12-07-2019,300,301.950012,297.700012,,297.21875,65106
15-07-2019,300.100006,304.399994,298.649994,,297.26825,78152
16-07-2019,300,308.399994,297.700012,,299.298584,144444
17-07-2019,302.5,317.450012,302.5,,307.66745,407198
18-07-2019,313,317.450012,307.100006,,306.082794,199099
19-07-2019,309.049988,309.899994,300.5,,299.793793,199497
22-07-2019,302,302,290.200012,,288.849854,199598
23-07-2019,292.049988,296.049988,284,,282.957001,157061
24-07-2019,287,290.950012,268.350006,,269.735168,235420
25-07-2019,274.399994,282.100006,266.75,,275.429962,130442
26-07-2019,278,285.950012,275.799988,,280.877167,167805
29-07-2019,284.600006,286.25,272.5,,278.945862,195915
30-07-2019,281.899994,283.5,274,,272.904419,70897
31-07-2019,272.049988,279.799988,270.200012,,275.132843,101043
01-08-2019,279.700012,284.149994,276.049988,,279.391571,101458
02-08-2019,283,293.5,277,,281.174286,308635
05-08-2019,297,299,274.200012,,274.637634,1606928
06-08-2019,278,283.700012,276.100006,,276.717468,296901
07-08-2019,281.100006,285.100006,275,,273.845337,214913
08-08-2019,278,283.5,276.049988,,279.886749,162714
09-08-2019,284.700012,286,277.399994,,276.32132,184426
13-08-2019,278.5,279.850006,264.100006,,264.040375,213003
14-08-2019,269,271.5,260.75,,265.82309,273311
16-08-2019,267.950012,274,265.100006,,268.546692,123634
19-08-2019,271.200012,278.950012,271.200012,,272.458771,121685
20-08-2019,276,278.299988,273.5,,271.914032,106094
21-08-2019,280.049988,283.850006,267.350006,,266.714447,1113707
22-08-2019,270.600006,271.75,259.299988,,257.652283,179798
23-08-2019,259,275,257.299988,,271.171234,262856
26-08-2019,278.200012,283,274.5,,275.677582,181630
27-08-2019,279,292.450012,278.350006,,283.996918,373943
28-08-2019,287.899994,294,283.5,,282.659882,287692
29-08-2019,284.600006,287.25,278.200012,,277.707886,103699
30-08-2019,280.75,284.700012,275,,272.854919,211345
03-09-2019,273.5,273.850006,268.399994,,269.438049,187118
04-09-2019,272.600006,273.600006,269,,269.04187,172330
05-09-2019,272.899994,275.950012,269.450012,,271.666443,127477
06-09-2019,275.950012,276.75,274.100006,,273.399628,112318
09-09-2019,277.600006,282,274.200012,,275.875641,184806
11-09-2019,280,284.649994,273.299988,,276.0242,481061
12-09-2019,280.649994,283.5,272.600006,,270.428436,392171
13-09-2019,273.200012,278.799988,272.799988,,274.439575,137352
16-09-2019,276.399994,279.399994,270.5,,271.963562,283447
17-09-2019,276.549988,277,268,,266.120239,166893
18-09-2019,271.899994,272,267,,267.259186,109031
19-09-2019,271.799988,272.399994,268.450012,,267.209625,362308
20-09-2019,271.25,289,270,,283.798828,329026
23-09-2019,293.5,303.799988,292.049988,,297.763458,547162
24-09-2019,302.649994,305.5,297.200012,,297.713959,282236
25-09-2019,301.700012,303.25,294.5,,294.940796,150223
26-09-2019,298.950012,315,298,,309.945374,553137
27-09-2019,314.200012,319.899994,305.100006,,303.557281,306505
30-09-2019,307,309.649994,297.399994,,295.980743,129160
01-10-2019,299.850006,303.600006,286.25,,287.760406,179297
03-10-2019,287.899994,296.799988,286.200012,,292.662903,114959
04-10-2019,297.200012,302.600006,293.950012,,295.089386,154337
07-10-2019,299.200012,299.200012,286.25,,285.433014,160316
09-10-2019,286.049988,295,286.049988,,291.424896,283035
10-10-2019,293,304.850006,291.149994,,300.487061,220522
11-10-2019,305.75,309.899994,302.5,,301.873596,216526
14-10-2019,304.850006,307.700012,298.299988,,301.328888,98937
15-10-2019,303.850006,306.700012,295.649994,,296.822601,100802
16-10-2019,300.649994,305,297.5,,299.397614,81180
17-10-2019,302.899994,318,299.299988,,311.926178,346196
18-10-2019,317,323.399994,315.100006,,314.79834,407111
22-10-2019,319.25,334.399994,318.149994,,327.574463,388913
23-10-2019,333.549988,348.299988,331.600006,,337.627014,564146
24-10-2019,344,348,336.049988,,337.379425,333249
25-10-2019,353.799988,360,337.450012,,337.379425,1612017
27-10-2019,null,null,null,,null,null
29-10-2019,351.049988,352,342,,340.102997,220848
30-10-2019,344.950012,348.399994,338,,337.825104,278725
31-10-2019,342.850006,346,338.100006,,337.924164,318481
01-11-2019,341,341.899994,334.100006,,337.032776,243835
04-11-2019,342.950012,342.950012,337.25,,335.349121,178168
05-11-2019,338.950012,362.600006,336.399994,,356.345551,1376398
06-11-2019,363.5,364.950012,344.700012,,346.639648,833360
07-11-2019,349,363.950012,348.899994,,353.12674,480522
08-11-2019,354.899994,364.899994,350,,349.066132,404703
11-11-2019,351.899994,368,349.25,,355.454193,972522
13-11-2019,369,377,361.049988,,358.623474,1441610
14-11-2019,362.950012,364,351.75,,353.522949,242820
15-11-2019,357.950012,358.899994,352.049988,,350.056549,169093
18-11-2019,353.799988,361.950012,353.450012,,354.909485,241905
19-11-2019,358.850006,359.799988,353.549988,,351.938293,134438
20-11-2019,354.299988,355.799988,346.899994,,345.154053,210922
21-11-2019,349,355.100006,345.450012,,347.085358,172882
22-11-2019,350.950012,351.25,344,,342.62854,484336
25-11-2019,348,348.299988,339.5,,342.182861,187694
26-11-2019,346,350.5,340.5,,343.321808,440510
27-11-2019,344.600006,346.649994,342,,340.697266,132036
28-11-2019,344.049988,346.350006,337,,334.754852,195105
29-11-2019,336.100006,346,335.549988,,333.665405,239842
02-12-2019,337.950012,339.399994,326.450012,,326.881165,164465
03-12-2019,333,344,325,,336.438568,253150
04-12-2019,341.25,346.899994,339.049988,,337.428955,260991
05-12-2019,340.799988,346.350006,338.100006,,336.834717,143248
06-12-2019,341,346,330.299988,,329.208618,216572
09-12-2019,332,345,331.5,,338.865021,283618
10-12-2019,344.799988,347.850006,335,,333.764465,157218
11-12-2019,337.049988,340,335.700012,,336.042358,93927
12-12-2019,341.450012,360.399994,340.75,,352.185883,772395
13-12-2019,357.899994,358.450012,348.25,,347.184357,231398
16-12-2019,352.350006,363.649994,352.350006,,354.018127,491397
17-12-2019,357.399994,364.899994,354,,358.673004,224812
18-12-2019,360.200012,369.399994,360.200012,,361.148987,398082
19-12-2019,365,365.399994,360.149994,,359.712921,141972
20-12-2019,363.25,363.5,355.25,,353.1763,108954
23-12-2019,356,360.649994,353.299988,,352.433502,97252
24-12-2019,353.299988,369.75,353.299988,,363.228821,788900
26-12-2019,367.549988,376.5,363,,368.131317,591741
27-12-2019,375.100006,386.75,372.25,,375.658325,1175633
30-12-2019,380,382.850006,370.549988,,371.201538,229085
31-12-2019,372,377.600006,368.200012,,369.517883,179934
01-01-2020,370.100006,379,370.100006,,371.152039,172951
02-01-2020,375.049988,389.700012,371.799988,,381.0065,505078
03-01-2020,385.850006,388,377.25,,382.739716,286109
06-01-2020,383.649994,384.549988,365.399994,,363.72403,315307
07-01-2020,370,379,370,,371.201538,210161
08-01-2020,368.100006,383.899994,365.100006,,376.203064,257953
09-01-2020,386.799988,399,381.600006,,386.255615,797502
10-01-2020,392,398.899994,390.700012,,390.910492,294132
13-01-2020,398.950012,400,385.399994,,385.809906,223295
14-01-2020,390.600006,397.649994,387.25,,385.413757,231974
15-01-2020,388.850006,394.75,385.600006,,386.404175,182183
16-01-2020,392.700012,393.649994,383.100006,,380.808411,162559
17-01-2020,384,395,376.100006,,387.394562,329455
20-01-2020,398,398.200012,387.5,,390.019104,298396
21-01-2020,391,396,386.950012,,385.611847,159955
22-01-2020,392.850006,395.700012,389.649994,,387.345062,153483
23-01-2020,386.700012,406.200012,386.700012,,398.189911,661750
24-01-2020,402.950012,405,395,,395.664398,284548
27-01-2020,398,404.899994,397,,396.011047,251055
28-01-2020,403.899994,409.600006,395.299988,,397.001434,384610
29-01-2020,403.799988,404.700012,397.350006,,395.416809,215183
30-01-2020,401.700012,401.700012,392,,390.068665,267826
31-01-2020,395.649994,398.5,377.049988,,379.917053,323462
03-02-2020,375.799988,414.899994,375,,405.46936,814556
04-02-2020,420,423,400.5,,400.616394,1532615
05-02-2020,408.950012,414,402.5,,404.379913,390177
06-02-2020,412.950012,412.950012,396,,393.386505,468159
07-02-2020,400,408.950012,393.200012,,400.814484,660633
10-02-2020,408.25,418.799988,404,,406.608307,883560
11-02-2020,413.149994,418.799988,409.100006,,409.331909,517233
12-02-2020,415.5,428.850006,407.100006,,422.603271,755115
13-02-2020,426.700012,432.5,421.549988,,423.494629,515963
14-02-2020,430,464.899994,424.049988,,455.434998,2016075
17-02-2020,459.899994,462.350006,445.700012,,449.938263,436983
18-02-2020,453.700012,491.549988,431.75,,478.065613,1436290
19-02-2020,485,499,475.200012,,478.85791,927418
20-02-2020,480,491.700012,476.649994,,479.254059,497872
24-02-2020,481.700012,489.75,465,,463.259125,533632
25-02-2020,472.5,518.099976,465.100006,,501.488556,2517684
26-02-2020,500.25,520.799988,496,,496.63559,2054528
27-02-2020,504,511.100006,473,,489.55423,945565
28-02-2020,470,482,458,,457.465302,888153
02-03-2020,483,524,470.399994,,500.250549,2380603
03-03-2020,512.799988,537.849976,510.200012,,527.833191,2231123
04-03-2020,542.5,542.5,498.149994,,516.790161,1370234
05-03-2020,527,530,514,,514.858887,730753
06-03-2020,490,523,488.049988,,514.01709,917859
09-03-2020,508.799988,508.799988,463.450012,,485.889771,987903
11-03-2020,490.600006,509,470.75,,470.637604,806500
12-03-2020,445,450,390,,435.280365,2091687
13-03-2020,377,484.600006,370.100006,,464.200012,1434830
16-03-2020,441,448.899994,419.299988,,429.25,856960
17-03-2020,425,447,402.600006,,410.899994,726172
18-03-2020,415,427.549988,358.5,,363.100006,840150
19-03-2020,335,381.600006,310,,341.549988,1974070
20-03-2020,360,399,349,,377.899994,1116097
23-03-2020,331,349,311,,324,710311
24-03-2020,350,388,314.049988,,336.149994,856432
25-03-2020,336.149994,365.5,328,,362,579453
26-03-2020,372,417,364.5,,388.200012,1457424
27-03-2020,400,410,374.5,,376,661220
30-03-2020,372.950012,372.950012,345,,364.950012,462838
31-03-2020,376.399994,399,369,,385.049988,1232891
01-04-2020,383.5,399.850006,377,,380.450012,572192
03-04-2020,385,388.700012,358.399994,,379.850006,445088
07-04-2020,395,439.700012,384.799988,,432.399994,1374363
08-04-2020,439.950012,465,432.5,,435.350006,1023668
09-04-2020,452,493.799988,451.049988,,469.950012,1850128
13-04-2020,474.549988,488.5,447.049988,,458.049988,703765
15-04-2020,465,477.299988,436,,446.850006,714307
16-04-2020,470,474.899994,457.25,,466.25,614073
17-04-2020,475.600006,479.5,463.25,,469.600006,485485
20-04-2020,473,476.549988,460,,460.899994,355710
21-04-2020,449.549988,477,442.299988,,449.5,1188436
22-04-2020,449,464.950012,445.25,,457.350006,571554
23-04-2020,478,489.25,475.149994,,482.399994,1631761
24-04-2020,478.799988,491.700012,452,,461.25,1520457
27-04-2020,470,484,466,,480.350006,1036580
28-04-2020,490.100006,499,482.049988,,485.600006,1133325
29-04-2020,486.899994,534.900024,480,,507.100006,3619384
30-04-2020,518.400024,530,501,,506.149994,1657630
04-05-2020,482,491.850006,468.25,,485.049988,1309938
05-05-2020,492.899994,522.849976,488,,510.799988,2833881
06-05-2020,522.099976,546,518.299988,,525.099976,2755164
07-05-2020,523.549988,557.799988,512.200012,,552.799988,3096672
08-05-2020,556.900024,567.700012,528.400024,,531.650024,2218649
11-05-2020,533.099976,546,515.25,,518.099976,911962
12-05-2020,517,529.799988,499,,510.299988,1283362
13-05-2020,525.049988,529,514.799988,,520,824095
14-05-2020,515,521,509.549988,,511.299988,394012
15-05-2020,514.75,527.400024,507.049988,,517.650024,844522
18-05-2020,521.950012,522.599976,493.100006,,501,621613
19-05-2020,508,516,500.25,,503.399994,599651
20-05-2020,504.649994,510.899994,503.049988,,505.600006,395756
21-05-2020,505.899994,523.700012,505.899994,,518.400024,743270
22-05-2020,510,514.150024,481.649994,,493.899994,1182834
26-05-2020,499,508,496,,501.149994,726679
27-05-2020,524,524,495.299988,,500.049988,2688670
28-05-2020,505.149994,515.5,503,,506,804220
29-05-2020,507.850006,510,491,,498.100006,1444776
01-06-2020,505,510.5,501.149994,,504.399994,1012639
02-06-2020,505,509,496.299988,,499.100006,793884
03-06-2020,504.399994,504.700012,490,,491.049988,811357
04-06-2020,493.5,494.399994,482.200012,,485.600006,540201
05-06-2020,489,490.399994,481.5,,484.200012,607792
08-06-2020,487.850006,503,485,,491.850006,1769367
09-06-2020,494.649994,495,480.549988,,482.600006,500124
10-06-2020,483,497.600006,480.799988,,484.149994,962789
11-06-2020,486.899994,491.799988,483,,484.799988,455367
12-06-2020,465,483.549988,465,,481.850006,475935
15-06-2020,481.950012,488.399994,475.200012,,476.350006,378281
16-06-2020,482.950012,484.649994,465,,471.75,487250
17-06-2020,472,474.149994,458.600006,,462.850006,809230
18-06-2020,462.950012,469.75,457.700012,,465,752594
19-06-2020,465.850006,500,465.850006,,498.25,1532593
22-06-2020,507.850006,510,492,,494.549988,1321749
23-06-2020,502,511.899994,498,,501.5,1136352
24-06-2020,510,513.549988,495,,499.399994,1047834
25-06-2020,495,507.5,490.549988,,503.299988,710618
26-06-2020,507,509.25,501.200012,,504.100006,527311
29-06-2020,503.799988,505.149994,490.149994,,493.100006,509284
30-06-2020,494.950012,497.950012,473.649994,,475.049988,598652
01-07-2020,478.75,486.850006,475.100006,,478.75,474368
02-07-2020,484.100006,487.899994,478.75,,481.350006,428937
03-07-2020,483,486.25,474.5,,478.950012,487573
06-07-2020,486,524,481,,516.049988,1904387
07-07-2020,519.849976,537.900024,515.75,,525.700012,2474519
08-07-2020,533.099976,534.799988,510.649994,,513.900024,811944
09-07-2020,515,534.799988,515,,531.299988,1020072
10-07-2020,530.650024,538.400024,518.099976,,524.5,788496
13-07-2020,529,554.700012,524.5,,551.200012,2791795
14-07-2020,550.950012,564.799988,540.099976,,548.799988,1670001
15-07-2020,555,556.150024,530.099976,,533.549988,915885
16-07-2020,535,537.849976,511.299988,,519.400024,754563
17-07-2020,522.900024,534.5,521.599976,,529.299988,601082
20-07-2020,532.5,533.450012,521.599976,,523.599976,409098
21-07-2020,528.849976,543.900024,524.5,,534.400024,727344
22-07-2020,535,547.450012,523.099976,,534.450012,826338
23-07-2020,535,554.400024,531,,551.099976,1058129
24-07-2020,548.700012,599,545,,592.849976,4099620
27-07-2020,602.25,623.349976,593,,612.150024,3644711
28-07-2020,612,621.900024,603.349976,,616.200012,1259601
29-07-2020,616,648.299988,606,,614.900024,3485017
30-07-2020,618.900024,636.599976,605.25,,617,1227631
31-07-2020,619,648,606.349976,,643.150024,1793922
03-08-2020,647.400024,673.349976,641.049988,,646.849976,1623635
04-08-2020,651.549988,659.25,627.700012,,630.349976,885416
05-08-2020,635,649,629.150024,,640.950012,672481
06-08-2020,647,648.799988,636,,643.25,687567
07-08-2020,602,619.5,581.200012,,611.200012,2159770
10-08-2020,610,616,582.299988,,588.75,1616790
11-08-2020,590,595.299988,573,,577.150024,1058288
12-08-2020,575,607,567,,598.799988,1221674
13-08-2020,602.849976,624.900024,594,,601.799988,1837686
14-08-2020,602,602,583,,585.700012,863611
17-08-2020,590,615.200012,582,,606.200012,1388704
18-08-2020,612,613.799988,600.299988,,604.25,501929
19-08-2020,608.5,618,604,,614.950012,706109
20-08-2020,611.5,644.400024,605.099976,,638.5,1786039
21-08-2020,640.299988,665,640.299988,,649.599976,1532279
24-08-2020,667,779.5,654.099976,,753.799988,6840655
25-08-2020,795,824.549988,727,,744.349976,7372732
26-08-2020,745,772,737.5,,742.450012,1860077
27-08-2020,745,775,732,,761.950012,2271101
28-08-2020,765,768,745.099976,,747.799988,868742
31-08-2020,749.900024,752.849976,663,,683.450012,2779198
01-09-2020,690.200012,712.849976,671.150024,,702,1375451
02-09-2020,706.599976,746.799988,700.099976,,731.450012,1442889
03-09-2020,736.150024,761.099976,731.450012,,736.849976,901586
04-09-2020,720.900024,758.900024,705,,732.450012,1854432
07-09-2020,735,747,712.099976,,717.099976,792038
08-09-2020,720.099976,757,712.5,,742,1250612
09-09-2020,728.099976,741.799988,713.5,,730.75,895720
10-09-2020,738.5,755.700012,736,,751.599976,887096
11-09-2020,757.849976,769.75,727,,733.150024,1432728
14-09-2020,755,801.799988,753.599976,,795.599976,2988274
15-09-2020,804.799988,866.349976,792,,857.299988,3657998
16-09-2020,864.400024,864.400024,819,,857.25,2824763
17-09-2020,853,871,840.450012,,847.400024,1765811
18-09-2020,851,888,816,,853.849976,3846077
21-09-2020,856,867.450012,804.400024,,812.799988,2901933
22-09-2020,822,854.900024,777,,848.150024,2903928
23-09-2020,860,873.5,830,,844.099976,1969793
24-09-2020,828,835,785.25,,799.950012,1385736
25-09-2020,815.799988,825.450012,791.150024,,801.150024,1528896
28-09-2020,809,844,806,,838.549988,1437928
29-09-2020,846,846.799988,815.599976,,823.700012,855988
30-09-2020,827,839.5,816.549988,,821.200012,771875
01-10-2020,829,833.900024,815,,819.400024,570074
05-10-2020,825.950012,826,802,,808.299988,624193
06-10-2020,812.349976,818.700012,802.599976,,805,638209
07-10-2020,804,804,785.5,,796.450012,663978
08-10-2020,796.450012,797.950012,756.299988,,760.150024,1879636
09-10-2020,762.5,776.75,760.599976,,763.450012,793052
12-10-2020,767.299988,767.299988,726,,734.299988,1107166
13-10-2020,738,758,730.5,,735.700012,823905
14-10-2020,735.950012,759,723.099976,,754.150024,1469904
15-10-2020,758.950012,760.450012,723.400024,,726.349976,834155
16-10-2020,730,733.700012,708.099976,,718.5,983097
19-10-2020,722.799988,729.799988,708.099976,,709.900024,507760
20-10-2020,708,736,702.099976,,708.849976,1289063
21-10-2020,714.799988,724.799988,705,,720.799988,729096
22-10-2020,719.5,742.099976,712,,731.349976,725619
23-10-2020,740,745.599976,717.099976,,720.5,605363
26-10-2020,722.25,726.900024,708,,713.799988,481360
27-10-2020,711,749.900024,703.75,,745.099976,965632
28-10-2020,747.950012,775.950012,737.849976,,757.75,1362203
29-10-2020,754.75,758,736.200012,,739.599976,782657
30-10-2020,743,759.450012,738,,742.25,639511
02-11-2020,734,743.700012,715,,718.299988,689305
03-11-2020,725,733,715.5,,719,355297
04-11-2020,718.5,723.900024,705.650024,,711.549988,522012
05-11-2020,721,757.799988,715.549988,,751.849976,1179674
06-11-2020,756.799988,771.900024,751.799988,,762,958589
09-11-2020,772.75,781.400024,751.099976,,777.900024,861247
10-11-2020,783,798.5,775.049988,,785.049988,979394
11-11-2020,784,799,776,,796.5,734653
12-11-2020,789.400024,841.099976,786.700012,,819.450012,1858680
13-11-2020,819.450012,831.950012,817,,824.849976,512652
14-11-2020,null,null,null,,null,null
17-11-2020,822,825.849976,800.5,,803.150024,622246
18-11-2020,800,810.650024,781.849976,,806.5,724473
19-11-2020,802,824.650024,793.400024,,802.200012,868567
20-11-2020,801,820,801,,811.200012,687068
23-11-2020,814,831,808.099976,,818.049988,901521
24-11-2020,821.950012,823.400024,805,,807.900024,389194
25-11-2020,810,820,800.099976,,803.349976,402875
26-11-2020,800,809.5,800,,805.349976,250554
27-11-2020,800,872,800,,865.099976,2763663
01-12-2020,872.700012,895,854.450012,,864.25,1353163
02-12-2020,866.900024,877.25,836.799988,,840.25,784534
03-12-2020,847,862.299988,844.049988,,847.349976,523775
04-12-2020,850.099976,862,841.200012,,845.049988,407152
07-12-2020,845.049988,859,845,,851.400024,395549
08-12-2020,859.950012,868,786,,832.25,994611
09-12-2020,837.150024,868.900024,823.599976,,859.5,854627
10-12-2020,858.950012,894,846.049988,,866.650024,1179423
11-12-2020,871.150024,876.450012,850.549988,,861.400024,428487
14-12-2020,868,889.799988,846.299988,,882.099976,1023007
15-12-2020,878,887,867,,881.049988,581556
16-12-2020,878,931.900024,873,,910.25,3126180
17-12-2020,916.799988,939.900024,911.349976,,934.799988,1320538
18-12-2020,941.900024,941.900024,910,,922.650024,606811
21-12-2020,924.799988,929.700012,802,,869.5,1222447
22-12-2020,874.900024,895.799988,835.099976,,882.049988,1379959
23-12-2020,890.5,923,882.5,,907.799988,796625
24-12-2020,918.25,935,900,,908,581414
28-12-2020,916.200012,926.200012,906.25,,910.650024,333961
29-12-2020,916.5,936.799988,900,,921.049988,1054986
30-12-2020,924,935,910.5,,927.849976,523199
31-12-2020,920,954.799988,918.700012,,941.849976,1210127
01-01-2021,949,999,946.950012,,987.849976,2415931
04-01-2021,1004.200012,1041.199951,985.900024,,1034.050049,1999748
05-01-2021,1034,1054,1004.200012,,1013.700012,1332215
06-01-2021,1015.299988,1041.699951,1007.099976,,1033.099976,863571
07-01-2021,1036,1072.5,1036,,1059.5,1276096
08-01-2021,1086,1086,1040.099976,,1054.650024,655421
11-01-2021,1060.5,1063,1020,,1028.150024,726331
12-01-2021,1033.300049,1040,1022.75,,1028.199951,516550
13-01-2021,1033.5,1043.800049,1015,,1027.5,737911
14-01-2021,1030.099976,1043,1017.950012,,1035.599976,347795
15-01-2021,1039,1040.849976,1011,,1022.200012,370563
18-01-2021,1012.5,1033.949951,1004,,1011.599976,1006666
19-01-2021,1021,1031,1011,,1014.5,934269
20-01-2021,1017.5,1022.900024,1000.099976,,1009.299988,746794
21-01-2021,1013.799988,1018.799988,1007,,1013.150024,420354
22-01-2021,1014,1015.799988,987,,1001,609335
25-01-2021,1011.25,1012.400024,981.650024,,986.200012,363962
27-01-2021,986,988,961,,966.5,382009
28-01-2021,952,1010.049988,941.200012,,973,646672
29-01-2021,990,1005,961.200012,,971.549988,443942
01-02-2021,971.549988,1002.849976,944,,990.450012,738275
02-02-2021,981.349976,1010.150024,978,,981.549988,798239
03-02-2021,991.5,1062,985,,1049.800049,1475620
04-02-2021,1058.400024,1059.800049,1018.75,,1026.25,731744
05-02-2021,1034.449951,1037.900024,1009.049988,,1012.650024,329802
08-02-2021,1015,1047.050049,1013.349976,,1028.449951,354726
09-02-2021,1037.699951,1046.900024,1022.400024,,1038.25,438190
10-02-2021,1047.650024,1080.900024,1033.25,,1071.349976,741879
11-02-2021,1083.800049,1137.199951,1077,,1129.449951,1720614
12-02-2021,1137.800049,1159,1094,,1110.650024,960909
15-02-2021,1137,1240,1131,,1178.800049,4034003
16-02-2021,1198,1294,1162.699951,,1273.800049,3710214
17-02-2021,1276.75,1330,1259,,1301.050049,2510088
18-02-2021,1309.599976,1325,1278.050049,,1313.75,1390752
19-02-2021,1306,1312,1241.699951,,1280.050049,734221
22-02-2021,1290,1305,1246.25,,1265.800049,506067
23-02-2021,1273,1303,1256.150024,,1286.550049,383570
24-02-2021,1296.25,1344,1270,,1318.650024,388603
25-02-2021,1339.800049,1410,1335,,1395.900024,731085
26-02-2021,1385,1443.400024,1360,,1368.650024,1647656
01-03-2021,1385,1573.900024,1379.050049,,1563.75,2627071
02-03-2021,1585,1663.150024,1517.150024,,1607.849976,3111655
03-03-2021,1608,1639.449951,1582.800049,,1602.150024,1270366
04-03-2021,1617.900024,1690,1600.050049,,1612.400024,2455368
05-03-2021,1615.400024,1647.599976,1562,,1581.800049,1250155
08-03-2021,1596.050049,1632,1556.050049,,1566.449951,803039
09-03-2021,1580.400024,1588.400024,1503,,1537.25,839875
10-03-2021,1541.099976,1605.199951,1525,,1599.300049,1170778
12-03-2021,1622,1623.300049,1538,,1573.949951,1023219
15-03-2021,1575.900024,1576.800049,1523.099976,,1553.150024,678017
16-03-2021,1559.900024,1599,1530,,1570.900024,651515
17-03-2021,1571,1576.599976,1509.199951,,1523.400024,436834
18-03-2021,1537.949951,1564.900024,1460.25,,1484.349976,1149967
19-03-2021,1490.900024,1522.150024,1428.25,,1514.650024,1036169
22-03-2021,1515.949951,1545,1474.550049,,1530.5,698562
23-03-2021,1535,1604,1520,,1580.199951,1534101
24-03-2021,1579.199951,1618.400024,1528.849976,,1538.5,1636452
25-03-2021,1549.550049,1553.449951,1485,,1534.150024,1122154
26-03-2021,1558,1570.050049,1535,,1561,667210
30-03-2021,1585,1637.949951,1546.099976,,1626.099976,1948335
31-03-2021,1637,1665.300049,1619.800049,,1656.5,1364001
01-04-2021,1675,1693.699951,1635.949951,,1646.75,1007936
05-04-2021,1647.800049,1668,1602,,1617.150024,697617
06-04-2021,1623,1708.050049,1615.400024,,1657.150024,1888582
07-04-2021,1663.949951,1711.949951,1663,,1697.949951,1016870
08-04-2021,1706.449951,1750,1703.050049,,1712.099976,1245796
09-04-2021,1707,1723.650024,1674.650024,,1681.25,721294
12-04-2021,1670,1670,1573.349976,,1582.800049,815976
13-04-2021,1596,1627.5,1568.400024,,1587.099976,785135
15-04-2021,1587,1615.849976,1557,,1608.150024,651992
16-04-2021,1614.949951,1625,1582,,1587.949951,790412
19-04-2021,1549.599976,1571.900024,1533.25,,1558.849976,469972
20-04-2021,1585.599976,1595.75,1550,,1559.849976,430408
22-04-2021,1552,1609,1550,,1598.550049,598104
23-04-2021,1611.550049,1673.849976,1607.349976,,1627.849976,1531076
26-04-2021,1648.400024,1654.599976,1607,,1637.5,1464576
27-04-2021,1650,1795,1650,,1782.550049,4531215
28-04-2021,1805,1850,1755,,1780.449951,3388293
29-04-2021,1800,1827.699951,1775.050049,,1787.25,1225613
30-04-2021,1787,1900,1767.900024,,1865.599976,2623486
03-05-2021,1865.599976,1955,1855.599976,,1904.099976,2911349
04-05-2021,1923.050049,1943.900024,1840.550049,,1863.75,1554705
05-05-2021,1864,1924.900024,1845,,1904,1257678
06-05-2021,1960,1988,1881,,1891.199951,3165908
07-05-2021,1900.699951,1918.599976,1792.150024,,1803.050049,2537304
10-05-2021,1820.050049,1825,1771,,1775.800049,1501458
11-05-2021,1768,1829.199951,1755.800049,,1797.449951,1270066
12-05-2021,1797.449951,1813.650024,1776.349976,,1791.300049,893835
14-05-2021,1806,1809.349976,1712,,1728.099976,1047386
17-05-2021,1734.949951,1764.5,1714,,1718.650024,854158
18-05-2021,1742.949951,1837,1729.199951,,1794.300049,2668035
19-05-2021,1800,1824,1765.199951,,1775.400024,916464
20-05-2021,1791.650024,1809.5,1755,,1774.199951,670793
21-05-2021,1791,1798.75,1756.75,,1762.150024,840640
24-05-2021,1771.650024,1802,1750,,1787.150024,850547
25-05-2021,1801.300049,1834.800049,1790,,1805.349976,994769
26-05-2021,1805.349976,1817.900024,1779.199951,,1784.849976,497889
27-05-2021,1796.949951,1796.949951,1755.349976,,1765.300049,876441
28-05-2021,1774.900024,1800,1770.400024,,1794.300049,679580
31-05-2021,1800,1817.099976,1780.050049,,1785.400024,600264
01-06-2021,1785.400024,1800,1756,,1760.349976,695025
02-06-2021,1750,1783.300049,1747.349976,,1752.349976,849987
03-06-2021,1768.150024,1779.949951,1732.599976,,1740.25,1204687
04-06-2021,1746,1755,1718,,1731.650024,886686
07-06-2021,1741,1760,1736.150024,,1754.150024,771077
08-06-2021,1761,1847.900024,1749.150024,,1825.650024,3410946
09-06-2021,1841.800049,1871.75,1751.099976,,1778.5,2961106
10-06-2021,1792,1806.800049,1762.099976,,1785.699951,875861
11-06-2021,1797.800049,1823.5,1786.550049,,1791.800049,813359
14-06-2021,1792,1800,1755.550049,,1769.800049,921598
15-06-2021,1770,1820,1770,,1775.099976,1171025
16-06-2021,1782.400024,1814.949951,1765,,1774.599976,1028848
17-06-2021,1764.949951,1789.449951,1749.050049,,1772.849976,911870
18-06-2021,1785,1792,1715,,1754.800049,1169907
21-06-2021,1730,1768,1710,,1746.550049,804129
22-06-2021,1760,1788.800049,1750,,1764.050049,812688
23-06-2021,1776.900024,1779,1750,,1758.900024,553644
24-06-2021,1755,1775,1729.349976,,1742.25,799147
25-06-2021,1748.800049,1803,1737.099976,,1785.300049,1128077
28-06-2021,1794.300049,1814,1771.050049,,1775.949951,947197
29-06-2021,1777,1789.900024,1747.599976,,1760.300049,647060
30-06-2021,1767.800049,1825.5,1761.599976,,1808.550049,2130502
01-07-2021,1824.949951,1889.949951,1815.099976,,1882.349976,3511656
02-07-2021,1898,1943,1892.349976,,1927.599976,3059621
05-07-2021,1943.449951,1944.949951,1902.400024,,1926.400024,1443361
06-07-2021,1927,1938.199951,1872,,1885.849976,994745
07-07-2021,1894.800049,1950,1886.849976,,1942.349976,1965632
08-07-2021,1947.699951,1977.650024,1928.099976,,1937,1684727
09-07-2021,1930,1953.849976,1918.099976,,1940.75,613501
12-07-2021,1955,1983,1945.400024,,1952.050049,1047253
13-07-2021,1969.650024,1976,1935.599976,,1947.849976,615436
14-07-2021,1946,1999.5,1945,,1958.349976,1472141
15-07-2021,1969,1974.650024,1937.400024,,1946.849976,489056
16-07-2021,1954,1974,1945,,1951.5,491113
